"picture_number","value","picture","id","date","species","analysis"
3,61,NA,NA,2019-10-25,"Daphnia","motion"
3,19,NA,NA,2019-10-25,"Daphnia","motion"
3,63,NA,NA,2019-10-25,"Daphnia","motion"
3,15,NA,NA,2019-10-25,"Daphnia","motion"
3,15,NA,NA,2019-10-25,"Daphnia","motion"
3,12,NA,NA,2019-10-25,"Daphnia","motion"
3,12,NA,NA,2019-10-25,"Daphnia","motion"
4,23,NA,NA,2019-10-25,"Daphnia","motion"
4,15,NA,NA,2019-10-25,"Daphnia","motion"
4,36,NA,NA,2019-10-25,"Daphnia","motion"
4,77,NA,NA,2019-10-25,"Daphnia","motion"
4,30,NA,NA,2019-10-25,"Daphnia","motion"
4,52,NA,NA,2019-10-25,"Daphnia","motion"
4,23,NA,NA,2019-10-25,"Daphnia","motion"
4,78,NA,NA,2019-10-25,"Daphnia","motion"
4,18,NA,NA,2019-10-25,"Daphnia","motion"
4,24,NA,NA,2019-10-25,"Daphnia","motion"
4,25,NA,NA,2019-10-25,"Daphnia","motion"
4,12,NA,NA,2019-10-25,"Daphnia","motion"
4,12,NA,NA,2019-10-25,"Daphnia","motion"
4,12,NA,NA,2019-10-25,"Daphnia","motion"
5,12,NA,NA,2019-10-25,"Daphnia","motion"
5,21,NA,NA,2019-10-25,"Daphnia","motion"
5,15,NA,NA,2019-10-25,"Daphnia","motion"
5,12,NA,NA,2019-10-25,"Daphnia","motion"
5,15,NA,NA,2019-10-25,"Daphnia","motion"
5,44,NA,NA,2019-10-25,"Daphnia","motion"
5,20,NA,NA,2019-10-25,"Daphnia","motion"
5,51,NA,NA,2019-10-25,"Daphnia","motion"
5,21,NA,NA,2019-10-25,"Daphnia","motion"
5,12,NA,NA,2019-10-25,"Daphnia","motion"
5,15,NA,NA,2019-10-25,"Daphnia","motion"
5,24,NA,NA,2019-10-25,"Daphnia","motion"
5,15,NA,NA,2019-10-25,"Daphnia","motion"
5,12,NA,NA,2019-10-25,"Daphnia","motion"
5,15,NA,NA,2019-10-25,"Daphnia","motion"
5,21,NA,NA,2019-10-25,"Daphnia","motion"
5,24,NA,NA,2019-10-25,"Daphnia","motion"
5,21,NA,NA,2019-10-25,"Daphnia","motion"
5,18,NA,NA,2019-10-25,"Daphnia","motion"
6,21,NA,NA,2019-10-25,"Daphnia","motion"
6,48,NA,NA,2019-10-25,"Daphnia","motion"
6,12,NA,NA,2019-10-25,"Daphnia","motion"
6,49,NA,NA,2019-10-25,"Daphnia","motion"
6,39,NA,NA,2019-10-25,"Daphnia","motion"
7,12,NA,NA,2019-10-25,"Daphnia","motion"
7,27,NA,NA,2019-10-25,"Daphnia","motion"
7,16,NA,NA,2019-10-25,"Daphnia","motion"
7,12,NA,NA,2019-10-25,"Daphnia","motion"
8,42,NA,NA,2019-10-25,"Daphnia","motion"
8,45,NA,NA,2019-10-25,"Daphnia","motion"
8,25,NA,NA,2019-10-25,"Daphnia","motion"
8,40,NA,NA,2019-10-25,"Daphnia","motion"
8,23,NA,NA,2019-10-25,"Daphnia","motion"
8,42,NA,NA,2019-10-25,"Daphnia","motion"
9,749,NA,NA,2019-10-25,"Daphnia","motion"
9,1369,NA,NA,2019-10-25,"Daphnia","motion"
9,383,NA,NA,2019-10-25,"Daphnia","motion"
9,317,NA,NA,2019-10-25,"Daphnia","motion"
9,66,NA,NA,2019-10-25,"Daphnia","motion"
9,18,NA,NA,2019-10-25,"Daphnia","motion"
9,220,NA,NA,2019-10-25,"Daphnia","motion"
9,18,NA,NA,2019-10-25,"Daphnia","motion"
9,15,NA,NA,2019-10-25,"Daphnia","motion"
9,154,NA,NA,2019-10-25,"Daphnia","motion"
10,659,NA,NA,2019-10-25,"Daphnia","motion"
10,628,NA,NA,2019-10-25,"Daphnia","motion"
10,410,NA,NA,2019-10-25,"Daphnia","motion"
10,383,NA,NA,2019-10-25,"Daphnia","motion"
10,736,NA,NA,2019-10-25,"Daphnia","motion"
10,206,NA,NA,2019-10-25,"Daphnia","motion"
10,26,NA,NA,2019-10-25,"Daphnia","motion"
10,149,NA,NA,2019-10-25,"Daphnia","motion"
10,126,NA,NA,2019-10-25,"Daphnia","motion"
11,12,NA,NA,2019-10-25,"Daphnia","motion"
15,21,NA,NA,2019-10-25,"Daphnia","motion"
15,24,NA,NA,2019-10-25,"Daphnia","motion"
15,19,NA,NA,2019-10-25,"Daphnia","motion"
15,17,NA,NA,2019-10-25,"Daphnia","motion"
15,17,NA,NA,2019-10-25,"Daphnia","motion"
15,39,NA,NA,2019-10-25,"Daphnia","motion"
15,25,NA,NA,2019-10-25,"Daphnia","motion"
16,14,NA,NA,2019-10-25,"Daphnia","motion"
16,12,NA,NA,2019-10-25,"Daphnia","motion"
16,12,NA,NA,2019-10-25,"Daphnia","motion"
16,12,NA,NA,2019-10-25,"Daphnia","motion"
16,24,NA,NA,2019-10-25,"Daphnia","motion"
16,16,NA,NA,2019-10-25,"Daphnia","motion"
16,12,NA,NA,2019-10-25,"Daphnia","motion"
16,15,NA,NA,2019-10-25,"Daphnia","motion"
16,12,NA,NA,2019-10-25,"Daphnia","motion"
16,33,NA,NA,2019-10-25,"Daphnia","motion"
16,31,NA,NA,2019-10-25,"Daphnia","motion"
17,19,NA,NA,2019-10-25,"Daphnia","motion"
17,29,NA,NA,2019-10-25,"Daphnia","motion"
17,30,NA,NA,2019-10-25,"Daphnia","motion"
17,64,NA,NA,2019-10-25,"Daphnia","motion"
17,15,NA,NA,2019-10-25,"Daphnia","motion"
17,23,NA,NA,2019-10-25,"Daphnia","motion"
17,24,NA,NA,2019-10-25,"Daphnia","motion"
17,28,NA,NA,2019-10-25,"Daphnia","motion"
17,15,NA,NA,2019-10-25,"Daphnia","motion"
17,42,NA,NA,2019-10-25,"Daphnia","motion"
17,12,NA,NA,2019-10-25,"Daphnia","motion"
17,57,NA,NA,2019-10-25,"Daphnia","motion"
17,23,NA,NA,2019-10-25,"Daphnia","motion"
17,12,NA,NA,2019-10-25,"Daphnia","motion"
17,15,NA,NA,2019-10-25,"Daphnia","motion"
17,26,NA,NA,2019-10-25,"Daphnia","motion"
17,18,NA,NA,2019-10-25,"Daphnia","motion"
17,31,NA,NA,2019-10-25,"Daphnia","motion"
17,12,NA,NA,2019-10-25,"Daphnia","motion"
17,24,NA,NA,2019-10-25,"Daphnia","motion"
17,30,NA,NA,2019-10-25,"Daphnia","motion"
17,12,NA,NA,2019-10-25,"Daphnia","motion"
17,32,NA,NA,2019-10-25,"Daphnia","motion"
17,31,NA,NA,2019-10-25,"Daphnia","motion"
18,15,NA,NA,2019-10-25,"Daphnia","motion"
18,16,NA,NA,2019-10-25,"Daphnia","motion"
18,30,NA,NA,2019-10-25,"Daphnia","motion"
18,40,NA,NA,2019-10-25,"Daphnia","motion"
18,43,NA,NA,2019-10-25,"Daphnia","motion"
19,26,NA,NA,2019-10-25,"Daphnia","motion"
19,21,NA,NA,2019-10-25,"Daphnia","motion"
20,18,NA,NA,2019-10-25,"Daphnia","motion"
20,34,NA,NA,2019-10-25,"Daphnia","motion"
20,15,NA,NA,2019-10-25,"Daphnia","motion"
20,16,NA,NA,2019-10-25,"Daphnia","motion"
21,27,NA,NA,2019-10-25,"Daphnia","motion"
21,21,NA,NA,2019-10-25,"Daphnia","motion"
21,12,NA,NA,2019-10-25,"Daphnia","motion"
21,12,NA,NA,2019-10-25,"Daphnia","motion"
21,12,NA,NA,2019-10-25,"Daphnia","motion"
21,12,NA,NA,2019-10-25,"Daphnia","motion"
21,51,NA,NA,2019-10-25,"Daphnia","motion"
21,40,NA,NA,2019-10-25,"Daphnia","motion"
21,19,NA,NA,2019-10-25,"Daphnia","motion"
21,53,NA,NA,2019-10-25,"Daphnia","motion"
21,30,NA,NA,2019-10-25,"Daphnia","motion"
21,27,NA,NA,2019-10-25,"Daphnia","motion"
21,12,NA,NA,2019-10-25,"Daphnia","motion"
21,36,NA,NA,2019-10-25,"Daphnia","motion"
21,32,NA,NA,2019-10-25,"Daphnia","motion"
21,43,NA,NA,2019-10-25,"Daphnia","motion"
21,12,NA,NA,2019-10-25,"Daphnia","motion"
21,12,NA,NA,2019-10-25,"Daphnia","motion"
21,22,NA,NA,2019-10-25,"Daphnia","motion"
21,12,NA,NA,2019-10-25,"Daphnia","motion"
21,27,NA,NA,2019-10-25,"Daphnia","motion"
22,12,NA,NA,2019-10-25,"Daphnia","motion"
22,30,NA,NA,2019-10-25,"Daphnia","motion"
22,21,NA,NA,2019-10-25,"Daphnia","motion"
22,21,NA,NA,2019-10-25,"Daphnia","motion"
22,18,NA,NA,2019-10-25,"Daphnia","motion"
22,17,NA,NA,2019-10-25,"Daphnia","motion"
22,24,NA,NA,2019-10-25,"Daphnia","motion"
22,24,NA,NA,2019-10-25,"Daphnia","motion"
22,12,NA,NA,2019-10-25,"Daphnia","motion"
22,12,NA,NA,2019-10-25,"Daphnia","motion"
22,30,NA,NA,2019-10-25,"Daphnia","motion"
22,12,NA,NA,2019-10-25,"Daphnia","motion"
22,15,NA,NA,2019-10-25,"Daphnia","motion"
22,24,NA,NA,2019-10-25,"Daphnia","motion"
22,27,NA,NA,2019-10-25,"Daphnia","motion"
22,40,NA,NA,2019-10-25,"Daphnia","motion"
22,26,NA,NA,2019-10-25,"Daphnia","motion"
22,38,NA,NA,2019-10-25,"Daphnia","motion"
22,39,NA,NA,2019-10-25,"Daphnia","motion"
22,15,NA,NA,2019-10-25,"Daphnia","motion"
22,65,NA,NA,2019-10-25,"Daphnia","motion"
22,21,NA,NA,2019-10-25,"Daphnia","motion"
22,41,NA,NA,2019-10-25,"Daphnia","motion"
22,15,NA,NA,2019-10-25,"Daphnia","motion"
22,27,NA,NA,2019-10-25,"Daphnia","motion"
22,33,NA,NA,2019-10-25,"Daphnia","motion"
22,38,NA,NA,2019-10-25,"Daphnia","motion"
22,18,NA,NA,2019-10-25,"Daphnia","motion"
22,39,NA,NA,2019-10-25,"Daphnia","motion"
22,15,NA,NA,2019-10-25,"Daphnia","motion"
22,40,NA,NA,2019-10-25,"Daphnia","motion"
22,37,NA,NA,2019-10-25,"Daphnia","motion"
22,15,NA,NA,2019-10-25,"Daphnia","motion"
22,15,NA,NA,2019-10-25,"Daphnia","motion"
22,21,NA,NA,2019-10-25,"Daphnia","motion"
22,40,NA,NA,2019-10-25,"Daphnia","motion"
22,21,NA,NA,2019-10-25,"Daphnia","motion"
22,12,NA,NA,2019-10-25,"Daphnia","motion"
22,12,NA,NA,2019-10-25,"Daphnia","motion"
22,12,NA,NA,2019-10-25,"Daphnia","motion"
22,21,NA,NA,2019-10-25,"Daphnia","motion"
22,12,NA,NA,2019-10-25,"Daphnia","motion"
22,18,NA,NA,2019-10-25,"Daphnia","motion"
22,19,NA,NA,2019-10-25,"Daphnia","motion"
23,27,NA,NA,2019-10-25,"Daphnia","motion"
23,18,NA,NA,2019-10-25,"Daphnia","motion"
23,12,NA,NA,2019-10-25,"Daphnia","motion"
23,12,NA,NA,2019-10-25,"Daphnia","motion"
23,15,NA,NA,2019-10-25,"Daphnia","motion"
23,18,NA,NA,2019-10-25,"Daphnia","motion"
23,18,NA,NA,2019-10-25,"Daphnia","motion"
23,12,NA,NA,2019-10-25,"Daphnia","motion"
23,17,NA,NA,2019-10-25,"Daphnia","motion"
23,12,NA,NA,2019-10-25,"Daphnia","motion"
23,15,NA,NA,2019-10-25,"Daphnia","motion"
23,41,NA,NA,2019-10-25,"Daphnia","motion"
23,21,NA,NA,2019-10-25,"Daphnia","motion"
23,23,NA,NA,2019-10-25,"Daphnia","motion"
23,54,NA,NA,2019-10-25,"Daphnia","motion"
23,21,NA,NA,2019-10-25,"Daphnia","motion"
23,40,NA,NA,2019-10-25,"Daphnia","motion"
23,12,NA,NA,2019-10-25,"Daphnia","motion"
23,29,NA,NA,2019-10-25,"Daphnia","motion"
23,28,NA,NA,2019-10-25,"Daphnia","motion"
23,25,NA,NA,2019-10-25,"Daphnia","motion"
23,15,NA,NA,2019-10-25,"Daphnia","motion"
23,26,NA,NA,2019-10-25,"Daphnia","motion"
23,35,NA,NA,2019-10-25,"Daphnia","motion"
23,23,NA,NA,2019-10-25,"Daphnia","motion"
23,26,NA,NA,2019-10-25,"Daphnia","motion"
23,35,NA,NA,2019-10-25,"Daphnia","motion"
23,15,NA,NA,2019-10-25,"Daphnia","motion"
23,15,NA,NA,2019-10-25,"Daphnia","motion"
24,16,NA,NA,2019-10-25,"Daphnia","motion"
24,22,NA,NA,2019-10-25,"Daphnia","motion"
24,20,NA,NA,2019-10-25,"Daphnia","motion"
24,29,NA,NA,2019-10-25,"Daphnia","motion"
24,40,NA,NA,2019-10-25,"Daphnia","motion"
25,31,NA,NA,2019-10-25,"Daphnia","motion"
25,25,NA,NA,2019-10-25,"Daphnia","motion"
25,26,NA,NA,2019-10-25,"Daphnia","motion"
25,36,NA,NA,2019-10-25,"Daphnia","motion"
26,12,NA,NA,2019-10-25,"Daphnia","motion"
26,34,NA,NA,2019-10-25,"Daphnia","motion"
26,22,NA,NA,2019-10-25,"Daphnia","motion"
26,28,NA,NA,2019-10-25,"Daphnia","motion"
26,36,NA,NA,2019-10-25,"Daphnia","motion"
27,108,NA,NA,2019-10-25,"Daphnia","motion"
27,192,NA,NA,2019-10-25,"Daphnia","motion"
27,151,NA,NA,2019-10-25,"Daphnia","motion"
27,128,NA,NA,2019-10-25,"Daphnia","motion"
27,53,NA,NA,2019-10-25,"Daphnia","motion"
27,104,NA,NA,2019-10-25,"Daphnia","motion"
27,167,NA,NA,2019-10-25,"Daphnia","motion"
28,118,NA,NA,2019-10-25,"Daphnia","motion"
28,179,NA,NA,2019-10-25,"Daphnia","motion"
28,156,NA,NA,2019-10-25,"Daphnia","motion"
28,151,NA,NA,2019-10-25,"Daphnia","motion"
28,44,NA,NA,2019-10-25,"Daphnia","motion"
28,148,NA,NA,2019-10-25,"Daphnia","motion"
28,182,NA,NA,2019-10-25,"Daphnia","motion"
29,136,NA,NA,2019-10-25,"Daphnia","motion"
29,159,NA,NA,2019-10-25,"Daphnia","motion"
29,147,NA,NA,2019-10-25,"Daphnia","motion"
29,120,NA,NA,2019-10-25,"Daphnia","motion"
29,112,NA,NA,2019-10-25,"Daphnia","motion"
29,40,NA,NA,2019-10-25,"Daphnia","motion"
29,265,NA,NA,2019-10-25,"Daphnia","motion"
29,150,NA,NA,2019-10-25,"Daphnia","motion"
30,937,NA,NA,2019-10-25,"Daphnia","motion"
30,20,NA,NA,2019-10-25,"Daphnia","motion"
30,24,NA,NA,2019-10-25,"Daphnia","motion"
30,20,NA,NA,2019-10-25,"Daphnia","motion"
30,32,NA,NA,2019-10-25,"Daphnia","motion"
30,12,NA,NA,2019-10-25,"Daphnia","motion"
30,16,NA,NA,2019-10-25,"Daphnia","motion"
30,32,NA,NA,2019-10-25,"Daphnia","motion"
30,14,NA,NA,2019-10-25,"Daphnia","motion"
30,22,NA,NA,2019-10-25,"Daphnia","motion"
30,12,NA,NA,2019-10-25,"Daphnia","motion"
30,23,NA,NA,2019-10-25,"Daphnia","motion"
30,15,NA,NA,2019-10-25,"Daphnia","motion"
30,31,NA,NA,2019-10-25,"Daphnia","motion"
31,63,NA,NA,2019-10-25,"Daphnia","motion"
31,27,NA,NA,2019-10-25,"Daphnia","motion"
31,18,NA,NA,2019-10-25,"Daphnia","motion"
31,25,NA,NA,2019-10-25,"Daphnia","motion"
31,12,NA,NA,2019-10-25,"Daphnia","motion"
31,33,NA,NA,2019-10-25,"Daphnia","motion"
31,15,NA,NA,2019-10-25,"Daphnia","motion"
31,19,NA,NA,2019-10-25,"Daphnia","motion"
31,26,NA,NA,2019-10-25,"Daphnia","motion"
31,25,NA,NA,2019-10-25,"Daphnia","motion"
31,22,NA,NA,2019-10-25,"Daphnia","motion"
31,24,NA,NA,2019-10-25,"Daphnia","motion"
32,23,NA,NA,2019-10-25,"Daphnia","motion"
32,39,NA,NA,2019-10-25,"Daphnia","motion"
32,21,NA,NA,2019-10-25,"Daphnia","motion"
32,18,NA,NA,2019-10-25,"Daphnia","motion"
32,12,NA,NA,2019-10-25,"Daphnia","motion"
32,19,NA,NA,2019-10-25,"Daphnia","motion"
32,22,NA,NA,2019-10-25,"Daphnia","motion"
32,23,NA,NA,2019-10-25,"Daphnia","motion"
32,19,NA,NA,2019-10-25,"Daphnia","motion"
32,37,NA,NA,2019-10-25,"Daphnia","motion"
36,47,NA,NA,2019-10-25,"Daphnia","motion"
36,35,NA,NA,2019-10-25,"Daphnia","motion"
36,60,NA,NA,2019-10-25,"Daphnia","motion"
36,40,NA,NA,2019-10-25,"Daphnia","motion"
36,67,NA,NA,2019-10-25,"Daphnia","motion"
36,39,NA,NA,2019-10-25,"Daphnia","motion"
36,18,NA,NA,2019-10-25,"Daphnia","motion"
36,22,NA,NA,2019-10-25,"Daphnia","motion"
36,24,NA,NA,2019-10-25,"Daphnia","motion"
37,31,NA,NA,2019-10-25,"Daphnia","motion"
37,27,NA,NA,2019-10-25,"Daphnia","motion"
37,51,NA,NA,2019-10-25,"Daphnia","motion"
37,57,NA,NA,2019-10-25,"Daphnia","motion"
37,37,NA,NA,2019-10-25,"Daphnia","motion"
37,56,NA,NA,2019-10-25,"Daphnia","motion"
37,26,NA,NA,2019-10-25,"Daphnia","motion"
37,29,NA,NA,2019-10-25,"Daphnia","motion"
37,21,NA,NA,2019-10-25,"Daphnia","motion"
38,21,NA,NA,2019-10-25,"Daphnia","motion"
38,44,NA,NA,2019-10-25,"Daphnia","motion"
38,45,NA,NA,2019-10-25,"Daphnia","motion"
38,54,NA,NA,2019-10-25,"Daphnia","motion"
38,34,NA,NA,2019-10-25,"Daphnia","motion"
38,61,NA,NA,2019-10-25,"Daphnia","motion"
38,29,NA,NA,2019-10-25,"Daphnia","motion"
38,22,NA,NA,2019-10-25,"Daphnia","motion"
38,15,NA,NA,2019-10-25,"Daphnia","motion"
39,15,NA,NA,2019-10-25,"Daphnia","motion"
39,26,NA,NA,2019-10-25,"Daphnia","motion"
39,38,NA,NA,2019-10-25,"Daphnia","motion"
39,12,NA,NA,2019-10-25,"Daphnia","motion"
39,12,NA,NA,2019-10-25,"Daphnia","motion"
39,18,NA,NA,2019-10-25,"Daphnia","motion"
39,47,NA,NA,2019-10-25,"Daphnia","motion"
39,34,NA,NA,2019-10-25,"Daphnia","motion"
39,33,NA,NA,2019-10-25,"Daphnia","motion"
39,26,NA,NA,2019-10-25,"Daphnia","motion"
39,41,NA,NA,2019-10-25,"Daphnia","motion"
39,54,NA,NA,2019-10-25,"Daphnia","motion"
39,51,NA,NA,2019-10-25,"Daphnia","motion"
39,46,NA,NA,2019-10-25,"Daphnia","motion"
39,29,NA,NA,2019-10-25,"Daphnia","motion"
39,50,NA,NA,2019-10-25,"Daphnia","motion"
39,42,NA,NA,2019-10-25,"Daphnia","motion"
39,56,NA,NA,2019-10-25,"Daphnia","motion"
39,15,NA,NA,2019-10-25,"Daphnia","motion"
39,23,NA,NA,2019-10-25,"Daphnia","motion"
40,30,NA,NA,2019-10-25,"Daphnia","motion"
40,55,NA,NA,2019-10-25,"Daphnia","motion"
40,1226,NA,NA,2019-10-25,"Daphnia","motion"
40,12,NA,NA,2019-10-25,"Daphnia","motion"
40,27,NA,NA,2019-10-25,"Daphnia","motion"
40,17,NA,NA,2019-10-25,"Daphnia","motion"
40,74,NA,NA,2019-10-25,"Daphnia","motion"
40,27,NA,NA,2019-10-25,"Daphnia","motion"
40,20,NA,NA,2019-10-25,"Daphnia","motion"
40,29,NA,NA,2019-10-25,"Daphnia","motion"
40,45,NA,NA,2019-10-25,"Daphnia","motion"
40,53,NA,NA,2019-10-25,"Daphnia","motion"
40,41,NA,NA,2019-10-25,"Daphnia","motion"
40,65,NA,NA,2019-10-25,"Daphnia","motion"
40,27,NA,NA,2019-10-25,"Daphnia","motion"
40,37,NA,NA,2019-10-25,"Daphnia","motion"
40,48,NA,NA,2019-10-25,"Daphnia","motion"
40,45,NA,NA,2019-10-25,"Daphnia","motion"
40,12,NA,NA,2019-10-25,"Daphnia","motion"
40,30,NA,NA,2019-10-25,"Daphnia","motion"
40,19,NA,NA,2019-10-25,"Daphnia","motion"
40,30,NA,NA,2019-10-25,"Daphnia","motion"
40,27,NA,NA,2019-10-25,"Daphnia","motion"
41,23,NA,NA,2019-10-25,"Daphnia","motion"
41,68,NA,NA,2019-10-25,"Daphnia","motion"
41,25,NA,NA,2019-10-25,"Daphnia","motion"
41,40,NA,NA,2019-10-25,"Daphnia","motion"
41,36,NA,NA,2019-10-25,"Daphnia","motion"
41,47,NA,NA,2019-10-25,"Daphnia","motion"
41,27,NA,NA,2019-10-25,"Daphnia","motion"
41,34,NA,NA,2019-10-25,"Daphnia","motion"
41,45,NA,NA,2019-10-25,"Daphnia","motion"
41,29,NA,NA,2019-10-25,"Daphnia","motion"
41,26,NA,NA,2019-10-25,"Daphnia","motion"
42,25,NA,NA,2019-10-25,"Daphnia","motion"
42,67,NA,NA,2019-10-25,"Daphnia","motion"
42,15,NA,NA,2019-10-25,"Daphnia","motion"
42,119,NA,NA,2019-10-25,"Daphnia","motion"
43,48,NA,NA,2019-10-25,"Daphnia","motion"
43,22,NA,NA,2019-10-25,"Daphnia","motion"
43,91,NA,NA,2019-10-25,"Daphnia","motion"
44,43,NA,NA,2019-10-25,"Daphnia","motion"
44,25,NA,NA,2019-10-25,"Daphnia","motion"
44,63,NA,NA,2019-10-25,"Daphnia","motion"
44,12,NA,NA,2019-10-25,"Daphnia","motion"
45,47,NA,NA,2019-10-25,"Daphnia","motion"
45,32,NA,NA,2019-10-25,"Daphnia","motion"
45,48,NA,NA,2019-10-25,"Daphnia","motion"
45,58,NA,NA,2019-10-25,"Daphnia","motion"
45,45,NA,NA,2019-10-25,"Daphnia","motion"
45,47,NA,NA,2019-10-25,"Daphnia","motion"
45,55,NA,NA,2019-10-25,"Daphnia","motion"
45,51,NA,NA,2019-10-25,"Daphnia","motion"
45,36,NA,NA,2019-10-25,"Daphnia","motion"
45,68,NA,NA,2019-10-25,"Daphnia","motion"
45,41,NA,NA,2019-10-25,"Daphnia","motion"
45,78,NA,NA,2019-10-25,"Daphnia","motion"
46,42,NA,NA,2019-10-25,"Daphnia","motion"
46,36,NA,NA,2019-10-25,"Daphnia","motion"
46,41,NA,NA,2019-10-25,"Daphnia","motion"
46,63,NA,NA,2019-10-25,"Daphnia","motion"
46,35,NA,NA,2019-10-25,"Daphnia","motion"
46,39,NA,NA,2019-10-25,"Daphnia","motion"
46,35,NA,NA,2019-10-25,"Daphnia","motion"
46,36,NA,NA,2019-10-25,"Daphnia","motion"
46,53,NA,NA,2019-10-25,"Daphnia","motion"
46,49,NA,NA,2019-10-25,"Daphnia","motion"
46,38,NA,NA,2019-10-25,"Daphnia","motion"
46,71,NA,NA,2019-10-25,"Daphnia","motion"
47,15,NA,NA,2019-10-25,"Daphnia","motion"
47,18,NA,NA,2019-10-25,"Daphnia","motion"
47,30,NA,NA,2019-10-25,"Daphnia","motion"
47,18,NA,NA,2019-10-25,"Daphnia","motion"
47,14,NA,NA,2019-10-25,"Daphnia","motion"
47,15,NA,NA,2019-10-25,"Daphnia","motion"
47,30,NA,NA,2019-10-25,"Daphnia","motion"
47,15,NA,NA,2019-10-25,"Daphnia","motion"
47,48,NA,NA,2019-10-25,"Daphnia","motion"
47,39,NA,NA,2019-10-25,"Daphnia","motion"
47,51,NA,NA,2019-10-25,"Daphnia","motion"
47,32,NA,NA,2019-10-25,"Daphnia","motion"
47,51,NA,NA,2019-10-25,"Daphnia","motion"
47,49,NA,NA,2019-10-25,"Daphnia","motion"
47,30,NA,NA,2019-10-25,"Daphnia","motion"
47,41,NA,NA,2019-10-25,"Daphnia","motion"
47,20,NA,NA,2019-10-25,"Daphnia","motion"
47,61,NA,NA,2019-10-25,"Daphnia","motion"
47,47,NA,NA,2019-10-25,"Daphnia","motion"
48,30,NA,NA,2019-10-25,"Daphnia","motion"
48,49,NA,NA,2019-10-25,"Daphnia","motion"
48,55,NA,NA,2019-10-25,"Daphnia","motion"
48,69,NA,NA,2019-10-25,"Daphnia","motion"
48,32,NA,NA,2019-10-25,"Daphnia","motion"
48,46,NA,NA,2019-10-25,"Daphnia","motion"
48,42,NA,NA,2019-10-25,"Daphnia","motion"
48,50,NA,NA,2019-10-25,"Daphnia","motion"
48,60,NA,NA,2019-10-25,"Daphnia","motion"
48,32,NA,NA,2019-10-25,"Daphnia","motion"
48,57,NA,NA,2019-10-25,"Daphnia","motion"
48,47,NA,NA,2019-10-25,"Daphnia","motion"
48,42,NA,NA,2019-10-25,"Daphnia","motion"
48,30,NA,NA,2019-10-25,"Daphnia","motion"
49,24,NA,NA,2019-10-25,"Daphnia","motion"
49,43,NA,NA,2019-10-25,"Daphnia","motion"
49,55,NA,NA,2019-10-25,"Daphnia","motion"
49,58,NA,NA,2019-10-25,"Daphnia","motion"
49,33,NA,NA,2019-10-25,"Daphnia","motion"
49,33,NA,NA,2019-10-25,"Daphnia","motion"
49,32,NA,NA,2019-10-25,"Daphnia","motion"
49,40,NA,NA,2019-10-25,"Daphnia","motion"
49,48,NA,NA,2019-10-25,"Daphnia","motion"
49,29,NA,NA,2019-10-25,"Daphnia","motion"
49,59,NA,NA,2019-10-25,"Daphnia","motion"
49,33,NA,NA,2019-10-25,"Daphnia","motion"
49,35,NA,NA,2019-10-25,"Daphnia","motion"
49,34,NA,NA,2019-10-25,"Daphnia","motion"
50,30,NA,NA,2019-10-25,"Daphnia","motion"
50,41,NA,NA,2019-10-25,"Daphnia","motion"
50,24,NA,NA,2019-10-25,"Daphnia","motion"
50,31,NA,NA,2019-10-25,"Daphnia","motion"
50,63,NA,NA,2019-10-25,"Daphnia","motion"
50,58,NA,NA,2019-10-25,"Daphnia","motion"
50,23,NA,NA,2019-10-25,"Daphnia","motion"
50,12,NA,NA,2019-10-25,"Daphnia","motion"
50,34,NA,NA,2019-10-25,"Daphnia","motion"
50,34,NA,NA,2019-10-25,"Daphnia","motion"
50,18,NA,NA,2019-10-25,"Daphnia","motion"
51,38,NA,NA,2019-10-25,"Daphnia","motion"
51,25,NA,NA,2019-10-25,"Daphnia","motion"
51,34,NA,NA,2019-10-25,"Daphnia","motion"
51,27,NA,NA,2019-10-25,"Daphnia","motion"
51,64,NA,NA,2019-10-25,"Daphnia","motion"
51,12,NA,NA,2019-10-25,"Daphnia","motion"
51,27,NA,NA,2019-10-25,"Daphnia","motion"
51,52,NA,NA,2019-10-25,"Daphnia","motion"
51,68,NA,NA,2019-10-25,"Daphnia","motion"
51,18,NA,NA,2019-10-25,"Daphnia","motion"
51,49,NA,NA,2019-10-25,"Daphnia","motion"
51,21,NA,NA,2019-10-25,"Daphnia","motion"
51,34,NA,NA,2019-10-25,"Daphnia","motion"
51,12,NA,NA,2019-10-25,"Daphnia","motion"
51,15,NA,NA,2019-10-25,"Daphnia","motion"
51,30,NA,NA,2019-10-25,"Daphnia","motion"
51,24,NA,NA,2019-10-25,"Daphnia","motion"
51,23,NA,NA,2019-10-25,"Daphnia","motion"
51,12,NA,NA,2019-10-25,"Daphnia","motion"
51,15,NA,NA,2019-10-25,"Daphnia","motion"
51,15,NA,NA,2019-10-25,"Daphnia","motion"
51,12,NA,NA,2019-10-25,"Daphnia","motion"
51,15,NA,NA,2019-10-25,"Daphnia","motion"
51,51,NA,NA,2019-10-25,"Daphnia","motion"
51,52,NA,NA,2019-10-25,"Daphnia","motion"
51,34,NA,NA,2019-10-25,"Daphnia","motion"
51,47,NA,NA,2019-10-25,"Daphnia","motion"
52,21,NA,NA,2019-10-25,"Daphnia","motion"
52,26,NA,NA,2019-10-25,"Daphnia","motion"
52,50,NA,NA,2019-10-25,"Daphnia","motion"
52,38,NA,NA,2019-10-25,"Daphnia","motion"
52,15,NA,NA,2019-10-25,"Daphnia","motion"
52,49,NA,NA,2019-10-25,"Daphnia","motion"
52,21,NA,NA,2019-10-25,"Daphnia","motion"
52,16,NA,NA,2019-10-25,"Daphnia","motion"
52,12,NA,NA,2019-10-25,"Daphnia","motion"
52,28,NA,NA,2019-10-25,"Daphnia","motion"
52,51,NA,NA,2019-10-25,"Daphnia","motion"
52,33,NA,NA,2019-10-25,"Daphnia","motion"
52,51,NA,NA,2019-10-25,"Daphnia","motion"
52,15,NA,NA,2019-10-25,"Daphnia","motion"
52,18,NA,NA,2019-10-25,"Daphnia","motion"
52,52,NA,NA,2019-10-25,"Daphnia","motion"
52,19,NA,NA,2019-10-25,"Daphnia","motion"
52,16,NA,NA,2019-10-25,"Daphnia","motion"
52,58,NA,NA,2019-10-25,"Daphnia","motion"
52,27,NA,NA,2019-10-25,"Daphnia","motion"
52,43,NA,NA,2019-10-25,"Daphnia","motion"
52,51,NA,NA,2019-10-25,"Daphnia","motion"
52,53,NA,NA,2019-10-25,"Daphnia","motion"
52,15,NA,NA,2019-10-25,"Daphnia","motion"
52,71,NA,NA,2019-10-25,"Daphnia","motion"
52,56,NA,NA,2019-10-25,"Daphnia","motion"
52,58,NA,NA,2019-10-25,"Daphnia","motion"
52,30,NA,NA,2019-10-25,"Daphnia","motion"
52,30,NA,NA,2019-10-25,"Daphnia","motion"
52,12,NA,NA,2019-10-25,"Daphnia","motion"
52,15,NA,NA,2019-10-25,"Daphnia","motion"
52,27,NA,NA,2019-10-25,"Daphnia","motion"
52,63,NA,NA,2019-10-25,"Daphnia","motion"
52,15,NA,NA,2019-10-25,"Daphnia","motion"
52,21,NA,NA,2019-10-25,"Daphnia","motion"
52,23,NA,NA,2019-10-25,"Daphnia","motion"
52,22,NA,NA,2019-10-25,"Daphnia","motion"
52,18,NA,NA,2019-10-25,"Daphnia","motion"
52,33,NA,NA,2019-10-25,"Daphnia","motion"
52,21,NA,NA,2019-10-25,"Daphnia","motion"
52,41,NA,NA,2019-10-25,"Daphnia","motion"
52,33,NA,NA,2019-10-25,"Daphnia","motion"
53,18,NA,NA,2019-10-25,"Daphnia","motion"
53,15,NA,NA,2019-10-25,"Daphnia","motion"
53,30,NA,NA,2019-10-25,"Daphnia","motion"
53,27,NA,NA,2019-10-25,"Daphnia","motion"
53,18,NA,NA,2019-10-25,"Daphnia","motion"
53,45,NA,NA,2019-10-25,"Daphnia","motion"
53,26,NA,NA,2019-10-25,"Daphnia","motion"
53,12,NA,NA,2019-10-25,"Daphnia","motion"
53,31,NA,NA,2019-10-25,"Daphnia","motion"
53,15,NA,NA,2019-10-25,"Daphnia","motion"
53,55,NA,NA,2019-10-25,"Daphnia","motion"
53,47,NA,NA,2019-10-25,"Daphnia","motion"
53,12,NA,NA,2019-10-25,"Daphnia","motion"
53,34,NA,NA,2019-10-25,"Daphnia","motion"
53,12,NA,NA,2019-10-25,"Daphnia","motion"
53,44,NA,NA,2019-10-25,"Daphnia","motion"
53,29,NA,NA,2019-10-25,"Daphnia","motion"
53,34,NA,NA,2019-10-25,"Daphnia","motion"
53,18,NA,NA,2019-10-25,"Daphnia","motion"
53,12,NA,NA,2019-10-25,"Daphnia","motion"
53,47,NA,NA,2019-10-25,"Daphnia","motion"
53,27,NA,NA,2019-10-25,"Daphnia","motion"
53,47,NA,NA,2019-10-25,"Daphnia","motion"
53,48,NA,NA,2019-10-25,"Daphnia","motion"
53,15,NA,NA,2019-10-25,"Daphnia","motion"
53,21,NA,NA,2019-10-25,"Daphnia","motion"
53,15,NA,NA,2019-10-25,"Daphnia","motion"
53,15,NA,NA,2019-10-25,"Daphnia","motion"
53,39,NA,NA,2019-10-25,"Daphnia","motion"
53,18,NA,NA,2019-10-25,"Daphnia","motion"
53,34,NA,NA,2019-10-25,"Daphnia","motion"
53,12,NA,NA,2019-10-25,"Daphnia","motion"
53,46,NA,NA,2019-10-25,"Daphnia","motion"
53,52,NA,NA,2019-10-25,"Daphnia","motion"
53,18,NA,NA,2019-10-25,"Daphnia","motion"
53,19,NA,NA,2019-10-25,"Daphnia","motion"
53,23,NA,NA,2019-10-25,"Daphnia","motion"
54,18,NA,NA,2019-10-25,"Daphnia","motion"
54,43,NA,NA,2019-10-25,"Daphnia","motion"
54,16,NA,NA,2019-10-25,"Daphnia","motion"
54,15,NA,NA,2019-10-25,"Daphnia","motion"
54,31,NA,NA,2019-10-25,"Daphnia","motion"
54,39,NA,NA,2019-10-25,"Daphnia","motion"
54,12,NA,NA,2019-10-25,"Daphnia","motion"
54,15,NA,NA,2019-10-25,"Daphnia","motion"
54,16,NA,NA,2019-10-25,"Daphnia","motion"
54,21,NA,NA,2019-10-25,"Daphnia","motion"
55,60,NA,NA,2019-10-25,"Daphnia","motion"
55,21,NA,NA,2019-10-25,"Daphnia","motion"
55,28,NA,NA,2019-10-25,"Daphnia","motion"
55,27,NA,NA,2019-10-25,"Daphnia","motion"
55,85,NA,NA,2019-10-25,"Daphnia","motion"
55,30,NA,NA,2019-10-25,"Daphnia","motion"
55,34,NA,NA,2019-10-25,"Daphnia","motion"
55,21,NA,NA,2019-10-25,"Daphnia","motion"
55,15,NA,NA,2019-10-25,"Daphnia","motion"
55,12,NA,NA,2019-10-25,"Daphnia","motion"
55,31,NA,NA,2019-10-25,"Daphnia","motion"
55,15,NA,NA,2019-10-25,"Daphnia","motion"
55,100,NA,NA,2019-10-25,"Daphnia","motion"
55,12,NA,NA,2019-10-25,"Daphnia","motion"
55,37,NA,NA,2019-10-25,"Daphnia","motion"
55,28,NA,NA,2019-10-25,"Daphnia","motion"
55,18,NA,NA,2019-10-25,"Daphnia","motion"
55,50,NA,NA,2019-10-25,"Daphnia","motion"
55,12,NA,NA,2019-10-25,"Daphnia","motion"
55,18,NA,NA,2019-10-25,"Daphnia","motion"
55,107,NA,NA,2019-10-25,"Daphnia","motion"
55,12,NA,NA,2019-10-25,"Daphnia","motion"
55,15,NA,NA,2019-10-25,"Daphnia","motion"
55,198,NA,NA,2019-10-25,"Daphnia","motion"
55,154,NA,NA,2019-10-25,"Daphnia","motion"
55,12,NA,NA,2019-10-25,"Daphnia","motion"
55,198,NA,NA,2019-10-25,"Daphnia","motion"
55,289,NA,NA,2019-10-25,"Daphnia","motion"
55,151,NA,NA,2019-10-25,"Daphnia","motion"
55,249,NA,NA,2019-10-25,"Daphnia","motion"
55,21,NA,NA,2019-10-25,"Daphnia","motion"
55,42,NA,NA,2019-10-25,"Daphnia","motion"
55,36,NA,NA,2019-10-25,"Daphnia","motion"
55,263,NA,NA,2019-10-25,"Daphnia","motion"
55,20,NA,NA,2019-10-25,"Daphnia","motion"
55,15,NA,NA,2019-10-25,"Daphnia","motion"
55,12,NA,NA,2019-10-25,"Daphnia","motion"
55,35,NA,NA,2019-10-25,"Daphnia","motion"
55,16,NA,NA,2019-10-25,"Daphnia","motion"
55,28,NA,NA,2019-10-25,"Daphnia","motion"
55,35,NA,NA,2019-10-25,"Daphnia","motion"
55,18,NA,NA,2019-10-25,"Daphnia","motion"
55,12,NA,NA,2019-10-25,"Daphnia","motion"
56,12,NA,NA,2019-10-25,"Daphnia","motion"
56,21,NA,NA,2019-10-25,"Daphnia","motion"
56,35,NA,NA,2019-10-25,"Daphnia","motion"
56,391,NA,NA,2019-10-25,"Daphnia","motion"
56,173,NA,NA,2019-10-25,"Daphnia","motion"
56,12,NA,NA,2019-10-25,"Daphnia","motion"
56,12,NA,NA,2019-10-25,"Daphnia","motion"
56,16,NA,NA,2019-10-25,"Daphnia","motion"
56,16,NA,NA,2019-10-25,"Daphnia","motion"
56,15,NA,NA,2019-10-25,"Daphnia","motion"
56,15,NA,NA,2019-10-25,"Daphnia","motion"
56,29,NA,NA,2019-10-25,"Daphnia","motion"
56,15,NA,NA,2019-10-25,"Daphnia","motion"
56,12,NA,NA,2019-10-25,"Daphnia","motion"
56,12,NA,NA,2019-10-25,"Daphnia","motion"
56,52,NA,NA,2019-10-25,"Daphnia","motion"
56,21,NA,NA,2019-10-25,"Daphnia","motion"
56,55,NA,NA,2019-10-25,"Daphnia","motion"
56,15,NA,NA,2019-10-25,"Daphnia","motion"
56,20,NA,NA,2019-10-25,"Daphnia","motion"
56,17,NA,NA,2019-10-25,"Daphnia","motion"
56,211,NA,NA,2019-10-25,"Daphnia","motion"
56,29,NA,NA,2019-10-25,"Daphnia","motion"
56,145,NA,NA,2019-10-25,"Daphnia","motion"
56,263,NA,NA,2019-10-25,"Daphnia","motion"
56,208,NA,NA,2019-10-25,"Daphnia","motion"
56,158,NA,NA,2019-10-25,"Daphnia","motion"
56,12,NA,NA,2019-10-25,"Daphnia","motion"
56,153,NA,NA,2019-10-25,"Daphnia","motion"
56,12,NA,NA,2019-10-25,"Daphnia","motion"
56,31,NA,NA,2019-10-25,"Daphnia","motion"
56,37,NA,NA,2019-10-25,"Daphnia","motion"
56,222,NA,NA,2019-10-25,"Daphnia","motion"
56,12,NA,NA,2019-10-25,"Daphnia","motion"
56,12,NA,NA,2019-10-25,"Daphnia","motion"
56,15,NA,NA,2019-10-25,"Daphnia","motion"
57,23,NA,NA,2019-10-25,"Daphnia","motion"
57,19,NA,NA,2019-10-25,"Daphnia","motion"
57,41,NA,NA,2019-10-25,"Daphnia","motion"
57,47,NA,NA,2019-10-25,"Daphnia","motion"
57,48,NA,NA,2019-10-25,"Daphnia","motion"
57,22,NA,NA,2019-10-25,"Daphnia","motion"
57,24,NA,NA,2019-10-25,"Daphnia","motion"
57,35,NA,NA,2019-10-25,"Daphnia","motion"
57,16,NA,NA,2019-10-25,"Daphnia","motion"
58,22,NA,NA,2019-10-25,"Daphnia","motion"
58,23,NA,NA,2019-10-25,"Daphnia","motion"
58,19,NA,NA,2019-10-25,"Daphnia","motion"
58,45,NA,NA,2019-10-25,"Daphnia","motion"
58,23,NA,NA,2019-10-25,"Daphnia","motion"
58,66,NA,NA,2019-10-25,"Daphnia","motion"
58,52,NA,NA,2019-10-25,"Daphnia","motion"
58,30,NA,NA,2019-10-25,"Daphnia","motion"
59,12,NA,NA,2019-10-25,"Daphnia","motion"
59,30,NA,NA,2019-10-25,"Daphnia","motion"
59,35,NA,NA,2019-10-25,"Daphnia","motion"
59,44,NA,NA,2019-10-25,"Daphnia","motion"
59,49,NA,NA,2019-10-25,"Daphnia","motion"
59,35,NA,NA,2019-10-25,"Daphnia","motion"
60,67,NA,NA,2019-10-25,"Daphnia","motion"
60,27,NA,NA,2019-10-25,"Daphnia","motion"
60,45,NA,NA,2019-10-25,"Daphnia","motion"
60,37,NA,NA,2019-10-25,"Daphnia","motion"
60,40,NA,NA,2019-10-25,"Daphnia","motion"
60,46,NA,NA,2019-10-25,"Daphnia","motion"
60,61,NA,NA,2019-10-25,"Daphnia","motion"
61,60,NA,NA,2019-10-25,"Daphnia","motion"
61,47,NA,NA,2019-10-25,"Daphnia","motion"
61,50,NA,NA,2019-10-25,"Daphnia","motion"
61,48,NA,NA,2019-10-25,"Daphnia","motion"
61,47,NA,NA,2019-10-25,"Daphnia","motion"
61,56,NA,NA,2019-10-25,"Daphnia","motion"
62,19,NA,NA,2019-10-25,"Daphnia","motion"
62,50,NA,NA,2019-10-25,"Daphnia","motion"
62,41,NA,NA,2019-10-25,"Daphnia","motion"
62,33,NA,NA,2019-10-25,"Daphnia","motion"
62,48,NA,NA,2019-10-25,"Daphnia","motion"
62,43,NA,NA,2019-10-25,"Daphnia","motion"
63,46,NA,NA,2019-10-25,"Daphnia","motion"
63,31,NA,NA,2019-10-25,"Daphnia","motion"
63,58,NA,NA,2019-10-25,"Daphnia","motion"
63,52,NA,NA,2019-10-25,"Daphnia","motion"
63,36,NA,NA,2019-10-25,"Daphnia","motion"
63,55,NA,NA,2019-10-25,"Daphnia","motion"
63,65,NA,NA,2019-10-25,"Daphnia","motion"
63,21,NA,NA,2019-10-25,"Daphnia","motion"
63,45,NA,NA,2019-10-25,"Daphnia","motion"
63,18,NA,NA,2019-10-25,"Daphnia","motion"
64,29,NA,NA,2019-10-25,"Daphnia","motion"
64,39,NA,NA,2019-10-25,"Daphnia","motion"
64,71,NA,NA,2019-10-25,"Daphnia","motion"
64,40,NA,NA,2019-10-25,"Daphnia","motion"
64,30,NA,NA,2019-10-25,"Daphnia","motion"
64,36,NA,NA,2019-10-25,"Daphnia","motion"
64,63,NA,NA,2019-10-25,"Daphnia","motion"
64,12,NA,NA,2019-10-25,"Daphnia","motion"
64,48,NA,NA,2019-10-25,"Daphnia","motion"
65,23,NA,NA,2019-10-25,"Daphnia","motion"
65,40,NA,NA,2019-10-25,"Daphnia","motion"
65,18,NA,NA,2019-10-25,"Daphnia","motion"
65,53,NA,NA,2019-10-25,"Daphnia","motion"
65,45,NA,NA,2019-10-25,"Daphnia","motion"
65,34,NA,NA,2019-10-25,"Daphnia","motion"
65,22,NA,NA,2019-10-25,"Daphnia","motion"
65,61,NA,NA,2019-10-25,"Daphnia","motion"
65,49,NA,NA,2019-10-25,"Daphnia","motion"
65,38,NA,NA,2019-10-25,"Daphnia","motion"
66,24,NA,NA,2019-10-25,"Daphnia","motion"
66,50,NA,NA,2019-10-25,"Daphnia","motion"
66,39,NA,NA,2019-10-25,"Daphnia","motion"
66,47,NA,NA,2019-10-25,"Daphnia","motion"
66,73,NA,NA,2019-10-25,"Daphnia","motion"
66,31,NA,NA,2019-10-25,"Daphnia","motion"
66,63,NA,NA,2019-10-25,"Daphnia","motion"
66,77,NA,NA,2019-10-25,"Daphnia","motion"
66,59,NA,NA,2019-10-25,"Daphnia","motion"
66,53,NA,NA,2019-10-25,"Daphnia","motion"
66,54,NA,NA,2019-10-25,"Daphnia","motion"
67,44,NA,NA,2019-10-25,"Daphnia","motion"
67,42,NA,NA,2019-10-25,"Daphnia","motion"
67,50,NA,NA,2019-10-25,"Daphnia","motion"
67,25,NA,NA,2019-10-25,"Daphnia","motion"
67,58,NA,NA,2019-10-25,"Daphnia","motion"
67,62,NA,NA,2019-10-25,"Daphnia","motion"
67,63,NA,NA,2019-10-25,"Daphnia","motion"
67,31,NA,NA,2019-10-25,"Daphnia","motion"
67,62,NA,NA,2019-10-25,"Daphnia","motion"
67,64,NA,NA,2019-10-25,"Daphnia","motion"
67,51,NA,NA,2019-10-25,"Daphnia","motion"
68,36,NA,NA,2019-10-25,"Daphnia","motion"
68,63,NA,NA,2019-10-25,"Daphnia","motion"
68,52,NA,NA,2019-10-25,"Daphnia","motion"
68,46,NA,NA,2019-10-25,"Daphnia","motion"
68,30,NA,NA,2019-10-25,"Daphnia","motion"
68,53,NA,NA,2019-10-25,"Daphnia","motion"
68,29,NA,NA,2019-10-25,"Daphnia","motion"
68,39,NA,NA,2019-10-25,"Daphnia","motion"
68,52,NA,NA,2019-10-25,"Daphnia","motion"
68,49,NA,NA,2019-10-25,"Daphnia","motion"
69,15,NA,NA,2019-10-25,"Daphnia","motion"
69,17,NA,NA,2019-10-25,"Daphnia","motion"
69,47,NA,NA,2019-10-25,"Daphnia","motion"
69,23,NA,NA,2019-10-25,"Daphnia","motion"
69,18,NA,NA,2019-10-25,"Daphnia","motion"
69,80,NA,NA,2019-10-25,"Daphnia","motion"
69,30,NA,NA,2019-10-25,"Daphnia","motion"
69,31,NA,NA,2019-10-25,"Daphnia","motion"
69,39,NA,NA,2019-10-25,"Daphnia","motion"
70,26,NA,NA,2019-10-25,"Daphnia","motion"
70,49,NA,NA,2019-10-25,"Daphnia","motion"
70,30,NA,NA,2019-10-25,"Daphnia","motion"
70,57,NA,NA,2019-10-25,"Daphnia","motion"
70,27,NA,NA,2019-10-25,"Daphnia","motion"
70,30,NA,NA,2019-10-25,"Daphnia","motion"
70,18,NA,NA,2019-10-25,"Daphnia","motion"
70,41,NA,NA,2019-10-25,"Daphnia","motion"
70,30,NA,NA,2019-10-25,"Daphnia","motion"
71,15,NA,NA,2019-10-25,"Daphnia","motion"
71,12,NA,NA,2019-10-25,"Daphnia","motion"
71,47,NA,NA,2019-10-25,"Daphnia","motion"
71,19,NA,NA,2019-10-25,"Daphnia","motion"
71,46,NA,NA,2019-10-25,"Daphnia","motion"
71,29,NA,NA,2019-10-25,"Daphnia","motion"
71,16,NA,NA,2019-10-25,"Daphnia","motion"
71,18,NA,NA,2019-10-25,"Daphnia","motion"
71,45,NA,NA,2019-10-25,"Daphnia","motion"
71,28,NA,NA,2019-10-25,"Daphnia","motion"
75,195,NA,NA,2019-10-25,"Daphnia","motion"
75,162,NA,NA,2019-10-25,"Daphnia","motion"
75,112,NA,NA,2019-10-25,"Daphnia","motion"
75,103,NA,NA,2019-10-25,"Daphnia","motion"
75,178,NA,NA,2019-10-25,"Daphnia","motion"
75,15,NA,NA,2019-10-25,"Daphnia","motion"
75,155,NA,NA,2019-10-25,"Daphnia","motion"
75,148,NA,NA,2019-10-25,"Daphnia","motion"
75,190,NA,NA,2019-10-25,"Daphnia","motion"
75,223,NA,NA,2019-10-25,"Daphnia","motion"
75,175,NA,NA,2019-10-25,"Daphnia","motion"
75,38,NA,NA,2019-10-25,"Daphnia","motion"
75,187,NA,NA,2019-10-25,"Daphnia","motion"
75,131,NA,NA,2019-10-25,"Daphnia","motion"
75,14,NA,NA,2019-10-25,"Daphnia","motion"
75,204,NA,NA,2019-10-25,"Daphnia","motion"
75,38,NA,NA,2019-10-25,"Daphnia","motion"
76,188,NA,NA,2019-10-25,"Daphnia","motion"
76,73,NA,NA,2019-10-25,"Daphnia","motion"
76,199,NA,NA,2019-10-25,"Daphnia","motion"
76,38,NA,NA,2019-10-25,"Daphnia","motion"
76,96,NA,NA,2019-10-25,"Daphnia","motion"
76,135,NA,NA,2019-10-25,"Daphnia","motion"
76,178,NA,NA,2019-10-25,"Daphnia","motion"
76,161,NA,NA,2019-10-25,"Daphnia","motion"
76,243,NA,NA,2019-10-25,"Daphnia","motion"
76,197,NA,NA,2019-10-25,"Daphnia","motion"
76,69,NA,NA,2019-10-25,"Daphnia","motion"
76,29,NA,NA,2019-10-25,"Daphnia","motion"
76,205,NA,NA,2019-10-25,"Daphnia","motion"
76,172,NA,NA,2019-10-25,"Daphnia","motion"
76,53,NA,NA,2019-10-25,"Daphnia","motion"
76,125,NA,NA,2019-10-25,"Daphnia","motion"
77,78,NA,NA,2019-10-25,"Daphnia","motion"
77,135,NA,NA,2019-10-25,"Daphnia","motion"
77,31,NA,NA,2019-10-25,"Daphnia","motion"
77,15,NA,NA,2019-10-25,"Daphnia","motion"
77,179,NA,NA,2019-10-25,"Daphnia","motion"
77,202,NA,NA,2019-10-25,"Daphnia","motion"
77,108,NA,NA,2019-10-25,"Daphnia","motion"
77,162,NA,NA,2019-10-25,"Daphnia","motion"
77,102,NA,NA,2019-10-25,"Daphnia","motion"
77,183,NA,NA,2019-10-25,"Daphnia","motion"
77,27,NA,NA,2019-10-25,"Daphnia","motion"
77,185,NA,NA,2019-10-25,"Daphnia","motion"
77,32,NA,NA,2019-10-25,"Daphnia","motion"
77,129,NA,NA,2019-10-25,"Daphnia","motion"
77,161,NA,NA,2019-10-25,"Daphnia","motion"
93,41,NA,NA,2019-10-25,"Daphnia","motion"
93,12,NA,NA,2019-10-25,"Daphnia","motion"
93,15,NA,NA,2019-10-25,"Daphnia","motion"
93,12,NA,NA,2019-10-25,"Daphnia","motion"
93,15,NA,NA,2019-10-25,"Daphnia","motion"
93,15,NA,NA,2019-10-25,"Daphnia","motion"
93,12,NA,NA,2019-10-25,"Daphnia","motion"
93,18,NA,NA,2019-10-25,"Daphnia","motion"
93,12,NA,NA,2019-10-25,"Daphnia","motion"
93,24,NA,NA,2019-10-25,"Daphnia","motion"
93,18,NA,NA,2019-10-25,"Daphnia","motion"
93,21,NA,NA,2019-10-25,"Daphnia","motion"
93,33,NA,NA,2019-10-25,"Daphnia","motion"
93,23,NA,NA,2019-10-25,"Daphnia","motion"
93,18,NA,NA,2019-10-25,"Daphnia","motion"
93,27,NA,NA,2019-10-25,"Daphnia","motion"
93,51,NA,NA,2019-10-25,"Daphnia","motion"
93,25,NA,NA,2019-10-25,"Daphnia","motion"
93,26,NA,NA,2019-10-25,"Daphnia","motion"
93,27,NA,NA,2019-10-25,"Daphnia","motion"
93,21,NA,NA,2019-10-25,"Daphnia","motion"
93,38,NA,NA,2019-10-25,"Daphnia","motion"
93,63,NA,NA,2019-10-25,"Daphnia","motion"
93,12,NA,NA,2019-10-25,"Daphnia","motion"
93,27,NA,NA,2019-10-25,"Daphnia","motion"
93,24,NA,NA,2019-10-25,"Daphnia","motion"
93,47,NA,NA,2019-10-25,"Daphnia","motion"
93,58,NA,NA,2019-10-25,"Daphnia","motion"
93,59,NA,NA,2019-10-25,"Daphnia","motion"
93,61,NA,NA,2019-10-25,"Daphnia","motion"
93,19,NA,NA,2019-10-25,"Daphnia","motion"
94,24,NA,NA,2019-10-25,"Daphnia","motion"
94,32,NA,NA,2019-10-25,"Daphnia","motion"
94,39,NA,NA,2019-10-25,"Daphnia","motion"
94,12,NA,NA,2019-10-25,"Daphnia","motion"
94,27,NA,NA,2019-10-25,"Daphnia","motion"
94,34,NA,NA,2019-10-25,"Daphnia","motion"
94,43,NA,NA,2019-10-25,"Daphnia","motion"
94,29,NA,NA,2019-10-25,"Daphnia","motion"
94,102,NA,NA,2019-10-25,"Daphnia","motion"
94,21,NA,NA,2019-10-25,"Daphnia","motion"
94,49,NA,NA,2019-10-25,"Daphnia","motion"
94,20,NA,NA,2019-10-25,"Daphnia","motion"
94,15,NA,NA,2019-10-25,"Daphnia","motion"
94,23,NA,NA,2019-10-25,"Daphnia","motion"
94,42,NA,NA,2019-10-25,"Daphnia","motion"
94,45,NA,NA,2019-10-25,"Daphnia","motion"
94,166,NA,NA,2019-10-25,"Daphnia","motion"
94,48,NA,NA,2019-10-25,"Daphnia","motion"
94,172,NA,NA,2019-10-25,"Daphnia","motion"
94,12,NA,NA,2019-10-25,"Daphnia","motion"
94,21,NA,NA,2019-10-25,"Daphnia","motion"
94,153,NA,NA,2019-10-25,"Daphnia","motion"
94,206,NA,NA,2019-10-25,"Daphnia","motion"
94,63,NA,NA,2019-10-25,"Daphnia","motion"
94,60,NA,NA,2019-10-25,"Daphnia","motion"
94,73,NA,NA,2019-10-25,"Daphnia","motion"
94,16,NA,NA,2019-10-25,"Daphnia","motion"
95,82,NA,NA,2019-10-25,"Daphnia","motion"
95,2000,NA,NA,2019-10-25,"Daphnia","motion"
95,85,NA,NA,2019-10-25,"Daphnia","motion"
95,123,NA,NA,2019-10-25,"Daphnia","motion"
95,35,NA,NA,2019-10-25,"Daphnia","motion"
95,20,NA,NA,2019-10-25,"Daphnia","motion"
95,27,NA,NA,2019-10-25,"Daphnia","motion"
95,12,NA,NA,2019-10-25,"Daphnia","motion"
95,45,NA,NA,2019-10-25,"Daphnia","motion"
95,38,NA,NA,2019-10-25,"Daphnia","motion"
95,22,NA,NA,2019-10-25,"Daphnia","motion"
95,75,NA,NA,2019-10-25,"Daphnia","motion"
95,52,NA,NA,2019-10-25,"Daphnia","motion"
95,36,NA,NA,2019-10-25,"Daphnia","motion"
95,58,NA,NA,2019-10-25,"Daphnia","motion"
95,15,NA,NA,2019-10-25,"Daphnia","motion"
95,49,NA,NA,2019-10-25,"Daphnia","motion"
95,12,NA,NA,2019-10-25,"Daphnia","motion"
95,64,NA,NA,2019-10-25,"Daphnia","motion"
95,31,NA,NA,2019-10-25,"Daphnia","motion"
95,23,NA,NA,2019-10-25,"Daphnia","motion"
95,15,NA,NA,2019-10-25,"Daphnia","motion"
95,27,NA,NA,2019-10-25,"Daphnia","motion"
95,24,NA,NA,2019-10-25,"Daphnia","motion"
95,38,NA,NA,2019-10-25,"Daphnia","motion"
96,70,NA,NA,2019-10-25,"Daphnia","motion"
96,69,NA,NA,2019-10-25,"Daphnia","motion"
96,77,NA,NA,2019-10-25,"Daphnia","motion"
96,100,NA,NA,2019-10-25,"Daphnia","motion"
96,45,NA,NA,2019-10-25,"Daphnia","motion"
96,56,NA,NA,2019-10-25,"Daphnia","motion"
96,59,NA,NA,2019-10-25,"Daphnia","motion"
96,106,NA,NA,2019-10-25,"Daphnia","motion"
96,75,NA,NA,2019-10-25,"Daphnia","motion"
96,53,NA,NA,2019-10-25,"Daphnia","motion"
96,68,NA,NA,2019-10-25,"Daphnia","motion"
96,85,NA,NA,2019-10-25,"Daphnia","motion"
96,38,NA,NA,2019-10-25,"Daphnia","motion"
97,36,NA,NA,2019-10-25,"Daphnia","motion"
97,61,NA,NA,2019-10-25,"Daphnia","motion"
97,47,NA,NA,2019-10-25,"Daphnia","motion"
97,82,NA,NA,2019-10-25,"Daphnia","motion"
97,49,NA,NA,2019-10-25,"Daphnia","motion"
97,61,NA,NA,2019-10-25,"Daphnia","motion"
97,47,NA,NA,2019-10-25,"Daphnia","motion"
97,74,NA,NA,2019-10-25,"Daphnia","motion"
97,85,NA,NA,2019-10-25,"Daphnia","motion"
97,56,NA,NA,2019-10-25,"Daphnia","motion"
97,83,NA,NA,2019-10-25,"Daphnia","motion"
97,36,NA,NA,2019-10-25,"Daphnia","motion"
98,53,NA,NA,2019-10-25,"Daphnia","motion"
98,72,NA,NA,2019-10-25,"Daphnia","motion"
98,66,NA,NA,2019-10-25,"Daphnia","motion"
98,46,NA,NA,2019-10-25,"Daphnia","motion"
98,90,NA,NA,2019-10-25,"Daphnia","motion"
98,61,NA,NA,2019-10-25,"Daphnia","motion"
98,69,NA,NA,2019-10-25,"Daphnia","motion"
98,39,NA,NA,2019-10-25,"Daphnia","motion"
98,44,NA,NA,2019-10-25,"Daphnia","motion"
98,47,NA,NA,2019-10-25,"Daphnia","motion"
98,35,NA,NA,2019-10-25,"Daphnia","motion"
99,53,NA,NA,2019-10-25,"Daphnia","motion"
99,21,NA,NA,2019-10-25,"Daphnia","motion"
99,15,NA,NA,2019-10-25,"Daphnia","motion"
99,50,NA,NA,2019-10-25,"Daphnia","motion"
99,43,NA,NA,2019-10-25,"Daphnia","motion"
99,51,NA,NA,2019-10-25,"Daphnia","motion"
99,41,NA,NA,2019-10-25,"Daphnia","motion"
99,43,NA,NA,2019-10-25,"Daphnia","motion"
99,34,NA,NA,2019-10-25,"Daphnia","motion"
99,18,NA,NA,2019-10-25,"Daphnia","motion"
100,53,NA,NA,2019-10-25,"Daphnia","motion"
100,33,NA,NA,2019-10-25,"Daphnia","motion"
100,37,NA,NA,2019-10-25,"Daphnia","motion"
100,33,NA,NA,2019-10-25,"Daphnia","motion"
100,19,NA,NA,2019-10-25,"Daphnia","motion"
100,35,NA,NA,2019-10-25,"Daphnia","motion"
100,42,NA,NA,2019-10-25,"Daphnia","motion"
100,49,NA,NA,2019-10-25,"Daphnia","motion"
100,21,NA,NA,2019-10-25,"Daphnia","motion"
100,31,NA,NA,2019-10-25,"Daphnia","motion"
101,65,NA,NA,2019-10-25,"Daphnia","motion"
101,24,NA,NA,2019-10-25,"Daphnia","motion"
101,38,NA,NA,2019-10-25,"Daphnia","motion"
101,27,NA,NA,2019-10-25,"Daphnia","motion"
101,32,NA,NA,2019-10-25,"Daphnia","motion"
101,64,NA,NA,2019-10-25,"Daphnia","motion"
101,45,NA,NA,2019-10-25,"Daphnia","motion"
101,15,NA,NA,2019-10-25,"Daphnia","motion"
101,27,NA,NA,2019-10-25,"Daphnia","motion"
102,15,NA,NA,2019-10-25,"Daphnia","motion"
102,56,NA,NA,2019-10-25,"Daphnia","motion"
102,41,NA,NA,2019-10-25,"Daphnia","motion"
102,70,NA,NA,2019-10-25,"Daphnia","motion"
102,43,NA,NA,2019-10-25,"Daphnia","motion"
102,43,NA,NA,2019-10-25,"Daphnia","motion"
102,75,NA,NA,2019-10-25,"Daphnia","motion"
102,62,NA,NA,2019-10-25,"Daphnia","motion"
102,33,NA,NA,2019-10-25,"Daphnia","motion"
102,23,NA,NA,2019-10-25,"Daphnia","motion"
102,17,NA,NA,2019-10-25,"Daphnia","motion"
102,40,NA,NA,2019-10-25,"Daphnia","motion"
103,73,NA,NA,2019-10-25,"Daphnia","motion"
103,41,NA,NA,2019-10-25,"Daphnia","motion"
103,69,NA,NA,2019-10-25,"Daphnia","motion"
103,38,NA,NA,2019-10-25,"Daphnia","motion"
103,44,NA,NA,2019-10-25,"Daphnia","motion"
103,40,NA,NA,2019-10-25,"Daphnia","motion"
103,56,NA,NA,2019-10-25,"Daphnia","motion"
103,29,NA,NA,2019-10-25,"Daphnia","motion"
103,34,NA,NA,2019-10-25,"Daphnia","motion"
103,30,NA,NA,2019-10-25,"Daphnia","motion"
104,54,NA,NA,2019-10-25,"Daphnia","motion"
104,61,NA,NA,2019-10-25,"Daphnia","motion"
104,49,NA,NA,2019-10-25,"Daphnia","motion"
104,56,NA,NA,2019-10-25,"Daphnia","motion"
104,42,NA,NA,2019-10-25,"Daphnia","motion"
104,31,NA,NA,2019-10-25,"Daphnia","motion"
104,36,NA,NA,2019-10-25,"Daphnia","motion"
104,41,NA,NA,2019-10-25,"Daphnia","motion"
104,55,NA,NA,2019-10-25,"Daphnia","motion"
104,57,NA,NA,2019-10-25,"Daphnia","motion"
104,27,NA,NA,2019-10-25,"Daphnia","motion"
104,24,NA,NA,2019-10-25,"Daphnia","motion"
108,21,NA,NA,2019-10-25,"Daphnia","motion"
108,55,NA,NA,2019-10-25,"Daphnia","motion"
108,41,NA,NA,2019-10-25,"Daphnia","motion"
108,31,NA,NA,2019-10-25,"Daphnia","motion"
108,20,NA,NA,2019-10-25,"Daphnia","motion"
108,36,NA,NA,2019-10-25,"Daphnia","motion"
108,34,NA,NA,2019-10-25,"Daphnia","motion"
108,35,NA,NA,2019-10-25,"Daphnia","motion"
108,19,NA,NA,2019-10-25,"Daphnia","motion"
108,18,NA,NA,2019-10-25,"Daphnia","motion"
108,44,NA,NA,2019-10-25,"Daphnia","motion"
108,44,NA,NA,2019-10-25,"Daphnia","motion"
108,22,NA,NA,2019-10-25,"Daphnia","motion"
109,32,NA,NA,2019-10-25,"Daphnia","motion"
109,58,NA,NA,2019-10-25,"Daphnia","motion"
109,38,NA,NA,2019-10-25,"Daphnia","motion"
109,25,NA,NA,2019-10-25,"Daphnia","motion"
109,12,NA,NA,2019-10-25,"Daphnia","motion"
109,33,NA,NA,2019-10-25,"Daphnia","motion"
109,22,NA,NA,2019-10-25,"Daphnia","motion"
109,27,NA,NA,2019-10-25,"Daphnia","motion"
109,28,NA,NA,2019-10-25,"Daphnia","motion"
109,18,NA,NA,2019-10-25,"Daphnia","motion"
109,36,NA,NA,2019-10-25,"Daphnia","motion"
109,49,NA,NA,2019-10-25,"Daphnia","motion"
109,23,NA,NA,2019-10-25,"Daphnia","motion"
110,23,NA,NA,2019-10-25,"Daphnia","motion"
110,53,NA,NA,2019-10-25,"Daphnia","motion"
110,40,NA,NA,2019-10-25,"Daphnia","motion"
110,33,NA,NA,2019-10-25,"Daphnia","motion"
110,22,NA,NA,2019-10-25,"Daphnia","motion"
110,30,NA,NA,2019-10-25,"Daphnia","motion"
110,24,NA,NA,2019-10-25,"Daphnia","motion"
110,26,NA,NA,2019-10-25,"Daphnia","motion"
110,18,NA,NA,2019-10-25,"Daphnia","motion"
110,31,NA,NA,2019-10-25,"Daphnia","motion"
110,51,NA,NA,2019-10-25,"Daphnia","motion"
111,33,NA,NA,2019-10-25,"Daphnia","motion"
111,35,NA,NA,2019-10-25,"Daphnia","motion"
111,18,NA,NA,2019-10-25,"Daphnia","motion"
111,12,NA,NA,2019-10-25,"Daphnia","motion"
111,28,NA,NA,2019-10-25,"Daphnia","motion"
111,12,NA,NA,2019-10-25,"Daphnia","motion"
111,30,NA,NA,2019-10-25,"Daphnia","motion"
111,43,NA,NA,2019-10-25,"Daphnia","motion"
111,35,NA,NA,2019-10-25,"Daphnia","motion"
111,32,NA,NA,2019-10-25,"Daphnia","motion"
111,23,NA,NA,2019-10-25,"Daphnia","motion"
111,12,NA,NA,2019-10-25,"Daphnia","motion"
111,45,NA,NA,2019-10-25,"Daphnia","motion"
112,15,NA,NA,2019-10-25,"Daphnia","motion"
112,28,NA,NA,2019-10-25,"Daphnia","motion"
112,20,NA,NA,2019-10-25,"Daphnia","motion"
112,21,NA,NA,2019-10-25,"Daphnia","motion"
112,31,NA,NA,2019-10-25,"Daphnia","motion"
112,44,NA,NA,2019-10-25,"Daphnia","motion"
112,34,NA,NA,2019-10-25,"Daphnia","motion"
112,34,NA,NA,2019-10-25,"Daphnia","motion"
112,27,NA,NA,2019-10-25,"Daphnia","motion"
112,41,NA,NA,2019-10-25,"Daphnia","motion"
112,29,NA,NA,2019-10-25,"Daphnia","motion"
112,21,NA,NA,2019-10-25,"Daphnia","motion"
113,20,NA,NA,2019-10-25,"Daphnia","motion"
113,21,NA,NA,2019-10-25,"Daphnia","motion"
113,12,NA,NA,2019-10-25,"Daphnia","motion"
113,45,NA,NA,2019-10-25,"Daphnia","motion"
113,27,NA,NA,2019-10-25,"Daphnia","motion"
113,46,NA,NA,2019-10-25,"Daphnia","motion"
113,23,NA,NA,2019-10-25,"Daphnia","motion"
113,43,NA,NA,2019-10-25,"Daphnia","motion"
113,48,NA,NA,2019-10-25,"Daphnia","motion"
117,157,NA,NA,2019-10-25,"Daphnia","motion"
117,126,NA,NA,2019-10-25,"Daphnia","motion"
117,99,NA,NA,2019-10-25,"Daphnia","motion"
117,66,NA,NA,2019-10-25,"Daphnia","motion"
117,85,NA,NA,2019-10-25,"Daphnia","motion"
117,175,NA,NA,2019-10-25,"Daphnia","motion"
117,30,NA,NA,2019-10-25,"Daphnia","motion"
117,121,NA,NA,2019-10-25,"Daphnia","motion"
118,122,NA,NA,2019-10-25,"Daphnia","motion"
118,117,NA,NA,2019-10-25,"Daphnia","motion"
118,93,NA,NA,2019-10-25,"Daphnia","motion"
118,180,NA,NA,2019-10-25,"Daphnia","motion"
118,105,NA,NA,2019-10-25,"Daphnia","motion"
118,145,NA,NA,2019-10-25,"Daphnia","motion"
118,18,NA,NA,2019-10-25,"Daphnia","motion"
118,131,NA,NA,2019-10-25,"Daphnia","motion"
118,149,NA,NA,2019-10-25,"Daphnia","motion"
119,46,NA,NA,2019-10-25,"Daphnia","motion"
119,20,NA,NA,2019-10-25,"Daphnia","motion"
119,15,NA,NA,2019-10-25,"Daphnia","motion"
119,18,NA,NA,2019-10-25,"Daphnia","motion"
119,12,NA,NA,2019-10-25,"Daphnia","motion"
119,134,NA,NA,2019-10-25,"Daphnia","motion"
119,125,NA,NA,2019-10-25,"Daphnia","motion"
119,123,NA,NA,2019-10-25,"Daphnia","motion"
119,82,NA,NA,2019-10-25,"Daphnia","motion"
119,156,NA,NA,2019-10-25,"Daphnia","motion"
119,111,NA,NA,2019-10-25,"Daphnia","motion"
119,182,NA,NA,2019-10-25,"Daphnia","motion"
119,164,NA,NA,2019-10-25,"Daphnia","motion"
119,168,NA,NA,2019-10-25,"Daphnia","motion"
0,NA,0,1,2019-10-25,"Daphnia","motion"
1,NA,1,1,2019-10-25,"Daphnia","motion"
2,NA,2,1,2019-10-25,"Daphnia","motion"
0,109,0,1,2019-10-28,"Daphnia","motion"
0,89,0,1,2019-10-28,"Daphnia","motion"
0,32,0,1,2019-10-28,"Daphnia","motion"
0,100,0,1,2019-10-28,"Daphnia","motion"
0,26,0,1,2019-10-28,"Daphnia","motion"
0,81,0,1,2019-10-28,"Daphnia","motion"
0,199,0,1,2019-10-28,"Daphnia","motion"
0,96,0,1,2019-10-28,"Daphnia","motion"
1,14,1,1,2019-10-28,"Daphnia","motion"
1,113,1,1,2019-10-28,"Daphnia","motion"
1,96,1,1,2019-10-28,"Daphnia","motion"
1,22,1,1,2019-10-28,"Daphnia","motion"
1,78,1,1,2019-10-28,"Daphnia","motion"
1,88,1,1,2019-10-28,"Daphnia","motion"
1,198,1,1,2019-10-28,"Daphnia","motion"
1,65,1,1,2019-10-28,"Daphnia","motion"
1,95,1,1,2019-10-28,"Daphnia","motion"
2,92,2,1,2019-10-28,"Daphnia","motion"
2,113,2,1,2019-10-28,"Daphnia","motion"
2,80,2,1,2019-10-28,"Daphnia","motion"
2,41,2,1,2019-10-28,"Daphnia","motion"
2,12,2,1,2019-10-28,"Daphnia","motion"
2,69,2,1,2019-10-28,"Daphnia","motion"
2,25,2,1,2019-10-28,"Daphnia","motion"
2,90,2,1,2019-10-28,"Daphnia","motion"
2,191,2,1,2019-10-28,"Daphnia","motion"
2,51,2,1,2019-10-28,"Daphnia","motion"
2,91,2,1,2019-10-28,"Daphnia","motion"
3,12,NA,NA,2019-10-28,"Daphnia","motion"
3,105,NA,NA,2019-10-28,"Daphnia","motion"
3,217,NA,NA,2019-10-28,"Daphnia","motion"
3,80,NA,NA,2019-10-28,"Daphnia","motion"
3,64,NA,NA,2019-10-28,"Daphnia","motion"
3,12,NA,NA,2019-10-28,"Daphnia","motion"
3,78,NA,NA,2019-10-28,"Daphnia","motion"
3,139,NA,NA,2019-10-28,"Daphnia","motion"
3,148,NA,NA,2019-10-28,"Daphnia","motion"
3,163,NA,NA,2019-10-28,"Daphnia","motion"
3,103,NA,NA,2019-10-28,"Daphnia","motion"
3,103,NA,NA,2019-10-28,"Daphnia","motion"
3,67,NA,NA,2019-10-28,"Daphnia","motion"
4,12,NA,NA,2019-10-28,"Daphnia","motion"
4,12,NA,NA,2019-10-28,"Daphnia","motion"
4,24,NA,NA,2019-10-28,"Daphnia","motion"
4,15,NA,NA,2019-10-28,"Daphnia","motion"
4,24,NA,NA,2019-10-28,"Daphnia","motion"
4,111,NA,NA,2019-10-28,"Daphnia","motion"
4,55,NA,NA,2019-10-28,"Daphnia","motion"
4,172,NA,NA,2019-10-28,"Daphnia","motion"
4,70,NA,NA,2019-10-28,"Daphnia","motion"
4,66,NA,NA,2019-10-28,"Daphnia","motion"
4,15,NA,NA,2019-10-28,"Daphnia","motion"
4,117,NA,NA,2019-10-28,"Daphnia","motion"
4,136,NA,NA,2019-10-28,"Daphnia","motion"
4,89,NA,NA,2019-10-28,"Daphnia","motion"
4,95,NA,NA,2019-10-28,"Daphnia","motion"
4,116,NA,NA,2019-10-28,"Daphnia","motion"
4,89,NA,NA,2019-10-28,"Daphnia","motion"
4,55,NA,NA,2019-10-28,"Daphnia","motion"
5,141,NA,NA,2019-10-28,"Daphnia","motion"
5,108,NA,NA,2019-10-28,"Daphnia","motion"
5,92,NA,NA,2019-10-28,"Daphnia","motion"
5,69,NA,NA,2019-10-28,"Daphnia","motion"
5,155,NA,NA,2019-10-28,"Daphnia","motion"
5,70,NA,NA,2019-10-28,"Daphnia","motion"
5,179,NA,NA,2019-10-28,"Daphnia","motion"
5,118,NA,NA,2019-10-28,"Daphnia","motion"
5,178,NA,NA,2019-10-28,"Daphnia","motion"
5,105,NA,NA,2019-10-28,"Daphnia","motion"
5,119,NA,NA,2019-10-28,"Daphnia","motion"
5,71,NA,NA,2019-10-28,"Daphnia","motion"
27,108,NA,NA,2019-10-28,"Daphnia","motion"
27,192,NA,NA,2019-10-28,"Daphnia","motion"
27,151,NA,NA,2019-10-28,"Daphnia","motion"
27,128,NA,NA,2019-10-28,"Daphnia","motion"
27,53,NA,NA,2019-10-28,"Daphnia","motion"
27,104,NA,NA,2019-10-28,"Daphnia","motion"
27,167,NA,NA,2019-10-28,"Daphnia","motion"
28,118,NA,NA,2019-10-28,"Daphnia","motion"
28,179,NA,NA,2019-10-28,"Daphnia","motion"
28,156,NA,NA,2019-10-28,"Daphnia","motion"
28,151,NA,NA,2019-10-28,"Daphnia","motion"
28,44,NA,NA,2019-10-28,"Daphnia","motion"
28,148,NA,NA,2019-10-28,"Daphnia","motion"
28,182,NA,NA,2019-10-28,"Daphnia","motion"
29,136,NA,NA,2019-10-28,"Daphnia","motion"
29,159,NA,NA,2019-10-28,"Daphnia","motion"
29,147,NA,NA,2019-10-28,"Daphnia","motion"
29,120,NA,NA,2019-10-28,"Daphnia","motion"
29,112,NA,NA,2019-10-28,"Daphnia","motion"
29,40,NA,NA,2019-10-28,"Daphnia","motion"
29,265,NA,NA,2019-10-28,"Daphnia","motion"
29,150,NA,NA,2019-10-28,"Daphnia","motion"
30,97,NA,NA,2019-10-28,"Daphnia","motion"
30,48,NA,NA,2019-10-28,"Daphnia","motion"
30,113,NA,NA,2019-10-28,"Daphnia","motion"
30,150,NA,NA,2019-10-28,"Daphnia","motion"
30,32,NA,NA,2019-10-28,"Daphnia","motion"
30,15,NA,NA,2019-10-28,"Daphnia","motion"
30,176,NA,NA,2019-10-28,"Daphnia","motion"
30,89,NA,NA,2019-10-28,"Daphnia","motion"
30,190,NA,NA,2019-10-28,"Daphnia","motion"
30,12,NA,NA,2019-10-28,"Daphnia","motion"
31,91,NA,NA,2019-10-28,"Daphnia","motion"
31,56,NA,NA,2019-10-28,"Daphnia","motion"
31,103,NA,NA,2019-10-28,"Daphnia","motion"
31,154,NA,NA,2019-10-28,"Daphnia","motion"
31,73,NA,NA,2019-10-28,"Daphnia","motion"
31,24,NA,NA,2019-10-28,"Daphnia","motion"
31,174,NA,NA,2019-10-28,"Daphnia","motion"
31,100,NA,NA,2019-10-28,"Daphnia","motion"
31,20,NA,NA,2019-10-28,"Daphnia","motion"
31,187,NA,NA,2019-10-28,"Daphnia","motion"
31,205,NA,NA,2019-10-28,"Daphnia","motion"
32,96,NA,NA,2019-10-28,"Daphnia","motion"
32,114,NA,NA,2019-10-28,"Daphnia","motion"
32,66,NA,NA,2019-10-28,"Daphnia","motion"
32,128,NA,NA,2019-10-28,"Daphnia","motion"
32,16,NA,NA,2019-10-28,"Daphnia","motion"
32,141,NA,NA,2019-10-28,"Daphnia","motion"
32,101,NA,NA,2019-10-28,"Daphnia","motion"
32,192,NA,NA,2019-10-28,"Daphnia","motion"
32,162,NA,NA,2019-10-28,"Daphnia","motion"
33,12,NA,NA,2019-10-28,"Daphnia","motion"
33,23,NA,NA,2019-10-28,"Daphnia","motion"
33,34,NA,NA,2019-10-28,"Daphnia","motion"
33,80,NA,NA,2019-10-28,"Daphnia","motion"
33,57,NA,NA,2019-10-28,"Daphnia","motion"
34,26,NA,NA,2019-10-28,"Daphnia","motion"
34,18,NA,NA,2019-10-28,"Daphnia","motion"
34,21,NA,NA,2019-10-28,"Daphnia","motion"
34,12,NA,NA,2019-10-28,"Daphnia","motion"
34,112,NA,NA,2019-10-28,"Daphnia","motion"
34,90,NA,NA,2019-10-28,"Daphnia","motion"
34,12,NA,NA,2019-10-28,"Daphnia","motion"
34,63,NA,NA,2019-10-28,"Daphnia","motion"
35,28,NA,NA,2019-10-28,"Daphnia","motion"
35,12,NA,NA,2019-10-28,"Daphnia","motion"
35,12,NA,NA,2019-10-28,"Daphnia","motion"
35,15,NA,NA,2019-10-28,"Daphnia","motion"
35,115,NA,NA,2019-10-28,"Daphnia","motion"
35,15,NA,NA,2019-10-28,"Daphnia","motion"
35,99,NA,NA,2019-10-28,"Daphnia","motion"
35,61,NA,NA,2019-10-28,"Daphnia","motion"
36,16,NA,NA,2019-10-28,"Daphnia","motion"
36,33,NA,NA,2019-10-28,"Daphnia","motion"
36,18,NA,NA,2019-10-28,"Daphnia","motion"
36,24,NA,NA,2019-10-28,"Daphnia","motion"
36,24,NA,NA,2019-10-28,"Daphnia","motion"
36,12,NA,NA,2019-10-28,"Daphnia","motion"
36,15,NA,NA,2019-10-28,"Daphnia","motion"
36,15,NA,NA,2019-10-28,"Daphnia","motion"
36,18,NA,NA,2019-10-28,"Daphnia","motion"
36,12,NA,NA,2019-10-28,"Daphnia","motion"
36,12,NA,NA,2019-10-28,"Daphnia","motion"
36,113,NA,NA,2019-10-28,"Daphnia","motion"
36,66,NA,NA,2019-10-28,"Daphnia","motion"
36,143,NA,NA,2019-10-28,"Daphnia","motion"
36,45,NA,NA,2019-10-28,"Daphnia","motion"
36,62,NA,NA,2019-10-28,"Daphnia","motion"
36,21,NA,NA,2019-10-28,"Daphnia","motion"
36,20,NA,NA,2019-10-28,"Daphnia","motion"
36,91,NA,NA,2019-10-28,"Daphnia","motion"
36,80,NA,NA,2019-10-28,"Daphnia","motion"
36,62,NA,NA,2019-10-28,"Daphnia","motion"
36,40,NA,NA,2019-10-28,"Daphnia","motion"
36,84,NA,NA,2019-10-28,"Daphnia","motion"
37,29,NA,NA,2019-10-28,"Daphnia","motion"
37,254,NA,NA,2019-10-28,"Daphnia","motion"
37,279,NA,NA,2019-10-28,"Daphnia","motion"
37,12,NA,NA,2019-10-28,"Daphnia","motion"
37,12,NA,NA,2019-10-28,"Daphnia","motion"
37,12,NA,NA,2019-10-28,"Daphnia","motion"
37,33,NA,NA,2019-10-28,"Daphnia","motion"
37,18,NA,NA,2019-10-28,"Daphnia","motion"
37,12,NA,NA,2019-10-28,"Daphnia","motion"
37,14,NA,NA,2019-10-28,"Daphnia","motion"
37,12,NA,NA,2019-10-28,"Daphnia","motion"
37,18,NA,NA,2019-10-28,"Daphnia","motion"
37,12,NA,NA,2019-10-28,"Daphnia","motion"
37,12,NA,NA,2019-10-28,"Daphnia","motion"
37,12,NA,NA,2019-10-28,"Daphnia","motion"
37,112,NA,NA,2019-10-28,"Daphnia","motion"
37,12,NA,NA,2019-10-28,"Daphnia","motion"
37,97,NA,NA,2019-10-28,"Daphnia","motion"
37,124,NA,NA,2019-10-28,"Daphnia","motion"
37,76,NA,NA,2019-10-28,"Daphnia","motion"
37,51,NA,NA,2019-10-28,"Daphnia","motion"
37,122,NA,NA,2019-10-28,"Daphnia","motion"
37,101,NA,NA,2019-10-28,"Daphnia","motion"
37,89,NA,NA,2019-10-28,"Daphnia","motion"
37,15,NA,NA,2019-10-28,"Daphnia","motion"
38,31,NA,NA,2019-10-28,"Daphnia","motion"
38,246,NA,NA,2019-10-28,"Daphnia","motion"
38,268,NA,NA,2019-10-28,"Daphnia","motion"
38,12,NA,NA,2019-10-28,"Daphnia","motion"
38,29,NA,NA,2019-10-28,"Daphnia","motion"
38,19,NA,NA,2019-10-28,"Daphnia","motion"
38,105,NA,NA,2019-10-28,"Daphnia","motion"
38,12,NA,NA,2019-10-28,"Daphnia","motion"
38,91,NA,NA,2019-10-28,"Daphnia","motion"
38,109,NA,NA,2019-10-28,"Daphnia","motion"
38,65,NA,NA,2019-10-28,"Daphnia","motion"
38,66,NA,NA,2019-10-28,"Daphnia","motion"
38,110,NA,NA,2019-10-28,"Daphnia","motion"
38,66,NA,NA,2019-10-28,"Daphnia","motion"
38,19,NA,NA,2019-10-28,"Daphnia","motion"
38,88,NA,NA,2019-10-28,"Daphnia","motion"
38,70,NA,NA,2019-10-28,"Daphnia","motion"
75,195,NA,NA,2019-10-28,"Daphnia","motion"
75,162,NA,NA,2019-10-28,"Daphnia","motion"
75,112,NA,NA,2019-10-28,"Daphnia","motion"
75,103,NA,NA,2019-10-28,"Daphnia","motion"
75,178,NA,NA,2019-10-28,"Daphnia","motion"
75,15,NA,NA,2019-10-28,"Daphnia","motion"
75,155,NA,NA,2019-10-28,"Daphnia","motion"
75,148,NA,NA,2019-10-28,"Daphnia","motion"
75,190,NA,NA,2019-10-28,"Daphnia","motion"
75,223,NA,NA,2019-10-28,"Daphnia","motion"
75,175,NA,NA,2019-10-28,"Daphnia","motion"
75,38,NA,NA,2019-10-28,"Daphnia","motion"
75,187,NA,NA,2019-10-28,"Daphnia","motion"
75,131,NA,NA,2019-10-28,"Daphnia","motion"
75,14,NA,NA,2019-10-28,"Daphnia","motion"
75,204,NA,NA,2019-10-28,"Daphnia","motion"
75,38,NA,NA,2019-10-28,"Daphnia","motion"
76,188,NA,NA,2019-10-28,"Daphnia","motion"
76,73,NA,NA,2019-10-28,"Daphnia","motion"
76,199,NA,NA,2019-10-28,"Daphnia","motion"
76,38,NA,NA,2019-10-28,"Daphnia","motion"
76,96,NA,NA,2019-10-28,"Daphnia","motion"
76,135,NA,NA,2019-10-28,"Daphnia","motion"
76,178,NA,NA,2019-10-28,"Daphnia","motion"
76,161,NA,NA,2019-10-28,"Daphnia","motion"
76,243,NA,NA,2019-10-28,"Daphnia","motion"
76,197,NA,NA,2019-10-28,"Daphnia","motion"
76,69,NA,NA,2019-10-28,"Daphnia","motion"
76,29,NA,NA,2019-10-28,"Daphnia","motion"
76,205,NA,NA,2019-10-28,"Daphnia","motion"
76,172,NA,NA,2019-10-28,"Daphnia","motion"
76,53,NA,NA,2019-10-28,"Daphnia","motion"
76,125,NA,NA,2019-10-28,"Daphnia","motion"
77,78,NA,NA,2019-10-28,"Daphnia","motion"
77,135,NA,NA,2019-10-28,"Daphnia","motion"
77,31,NA,NA,2019-10-28,"Daphnia","motion"
77,15,NA,NA,2019-10-28,"Daphnia","motion"
77,179,NA,NA,2019-10-28,"Daphnia","motion"
77,202,NA,NA,2019-10-28,"Daphnia","motion"
77,108,NA,NA,2019-10-28,"Daphnia","motion"
77,162,NA,NA,2019-10-28,"Daphnia","motion"
77,102,NA,NA,2019-10-28,"Daphnia","motion"
77,183,NA,NA,2019-10-28,"Daphnia","motion"
77,27,NA,NA,2019-10-28,"Daphnia","motion"
77,185,NA,NA,2019-10-28,"Daphnia","motion"
77,32,NA,NA,2019-10-28,"Daphnia","motion"
77,129,NA,NA,2019-10-28,"Daphnia","motion"
77,161,NA,NA,2019-10-28,"Daphnia","motion"
93,128,NA,NA,2019-10-28,"Daphnia","motion"
93,138,NA,NA,2019-10-28,"Daphnia","motion"
93,104,NA,NA,2019-10-28,"Daphnia","motion"
93,82,NA,NA,2019-10-28,"Daphnia","motion"
93,36,NA,NA,2019-10-28,"Daphnia","motion"
93,104,NA,NA,2019-10-28,"Daphnia","motion"
93,113,NA,NA,2019-10-28,"Daphnia","motion"
93,93,NA,NA,2019-10-28,"Daphnia","motion"
93,18,NA,NA,2019-10-28,"Daphnia","motion"
93,73,NA,NA,2019-10-28,"Daphnia","motion"
93,62,NA,NA,2019-10-28,"Daphnia","motion"
93,87,NA,NA,2019-10-28,"Daphnia","motion"
94,136,NA,NA,2019-10-28,"Daphnia","motion"
94,113,NA,NA,2019-10-28,"Daphnia","motion"
94,12,NA,NA,2019-10-28,"Daphnia","motion"
94,12,NA,NA,2019-10-28,"Daphnia","motion"
94,106,NA,NA,2019-10-28,"Daphnia","motion"
94,92,NA,NA,2019-10-28,"Daphnia","motion"
94,40,NA,NA,2019-10-28,"Daphnia","motion"
94,96,NA,NA,2019-10-28,"Daphnia","motion"
94,15,NA,NA,2019-10-28,"Daphnia","motion"
94,121,NA,NA,2019-10-28,"Daphnia","motion"
94,90,NA,NA,2019-10-28,"Daphnia","motion"
94,74,NA,NA,2019-10-28,"Daphnia","motion"
94,105,NA,NA,2019-10-28,"Daphnia","motion"
94,69,NA,NA,2019-10-28,"Daphnia","motion"
94,12,NA,NA,2019-10-28,"Daphnia","motion"
94,19,NA,NA,2019-10-28,"Daphnia","motion"
95,123,NA,NA,2019-10-28,"Daphnia","motion"
95,12,NA,NA,2019-10-28,"Daphnia","motion"
95,104,NA,NA,2019-10-28,"Daphnia","motion"
95,88,NA,NA,2019-10-28,"Daphnia","motion"
95,66,NA,NA,2019-10-28,"Daphnia","motion"
95,87,NA,NA,2019-10-28,"Daphnia","motion"
95,102,NA,NA,2019-10-28,"Daphnia","motion"
95,88,NA,NA,2019-10-28,"Daphnia","motion"
95,69,NA,NA,2019-10-28,"Daphnia","motion"
95,85,NA,NA,2019-10-28,"Daphnia","motion"
95,69,NA,NA,2019-10-28,"Daphnia","motion"
95,32,NA,NA,2019-10-28,"Daphnia","motion"
114,22,NA,NA,2019-10-28,"Daphnia","motion"
114,139,NA,NA,2019-10-28,"Daphnia","motion"
114,69,NA,NA,2019-10-28,"Daphnia","motion"
114,41,NA,NA,2019-10-28,"Daphnia","motion"
114,148,NA,NA,2019-10-28,"Daphnia","motion"
115,29,NA,NA,2019-10-28,"Daphnia","motion"
115,98,NA,NA,2019-10-28,"Daphnia","motion"
115,46,NA,NA,2019-10-28,"Daphnia","motion"
115,78,NA,NA,2019-10-28,"Daphnia","motion"
115,137,NA,NA,2019-10-28,"Daphnia","motion"
116,103,NA,NA,2019-10-28,"Daphnia","motion"
116,12,NA,NA,2019-10-28,"Daphnia","motion"
116,96,NA,NA,2019-10-28,"Daphnia","motion"
116,133,NA,NA,2019-10-28,"Daphnia","motion"
117,157,NA,NA,2019-10-28,"Daphnia","motion"
117,126,NA,NA,2019-10-28,"Daphnia","motion"
117,99,NA,NA,2019-10-28,"Daphnia","motion"
117,66,NA,NA,2019-10-28,"Daphnia","motion"
117,85,NA,NA,2019-10-28,"Daphnia","motion"
117,175,NA,NA,2019-10-28,"Daphnia","motion"
117,30,NA,NA,2019-10-28,"Daphnia","motion"
117,121,NA,NA,2019-10-28,"Daphnia","motion"
118,122,NA,NA,2019-10-28,"Daphnia","motion"
118,117,NA,NA,2019-10-28,"Daphnia","motion"
118,93,NA,NA,2019-10-28,"Daphnia","motion"
118,180,NA,NA,2019-10-28,"Daphnia","motion"
118,105,NA,NA,2019-10-28,"Daphnia","motion"
118,145,NA,NA,2019-10-28,"Daphnia","motion"
118,18,NA,NA,2019-10-28,"Daphnia","motion"
118,131,NA,NA,2019-10-28,"Daphnia","motion"
118,149,NA,NA,2019-10-28,"Daphnia","motion"
119,46,NA,NA,2019-10-28,"Daphnia","motion"
119,20,NA,NA,2019-10-28,"Daphnia","motion"
119,15,NA,NA,2019-10-28,"Daphnia","motion"
119,18,NA,NA,2019-10-28,"Daphnia","motion"
119,12,NA,NA,2019-10-28,"Daphnia","motion"
119,134,NA,NA,2019-10-28,"Daphnia","motion"
119,125,NA,NA,2019-10-28,"Daphnia","motion"
119,123,NA,NA,2019-10-28,"Daphnia","motion"
119,82,NA,NA,2019-10-28,"Daphnia","motion"
119,156,NA,NA,2019-10-28,"Daphnia","motion"
119,111,NA,NA,2019-10-28,"Daphnia","motion"
119,182,NA,NA,2019-10-28,"Daphnia","motion"
119,164,NA,NA,2019-10-28,"Daphnia","motion"
119,168,NA,NA,2019-10-28,"Daphnia","motion"
